id,name,application_due_at,started_at,information,application_link,tags,address,host_id,created_at,updated_at,latitude,longitude,photo
2,Summer Camp Music Festival,2026-04-15,2026-05-21,Summer Camp will highlight many food and craft vendors both locally and nationally. Are you interested in selling your product to thousands of festival goers? ,https://summercampfestival.com/get-involved/,"music, camping, festival, art","Chillicothe, IL",1,,,40.89355431,-89.50351469,
3,Shoe Fest,2026-11-20,2026-08-29,"Shoe Fest is a 3 day music and camping festival held at Camp Shaw-Waw-Nas-See in Manteno, IL. Shoe Fest began in 2011 and continues to grow each year.",vendors@shoe-fest.com,"music, family, festivals, camping","Manteno, IL",1,,,41.21507547,-87.99054263,
4,Big Dub Festival,2026-04-15,2026-07-21,"We are excited for another year of Big Dub, hosted at Four Quarters, situated in a quaint paradise along the Appalachian Mountain range! ",https://docs.google.com/forms/d/e/1FAIpQLSfOherzPkEmVmFwWQ_yBQHQnD6mw2akjGR6SRT6biVlRYx1PQ/viewform,"music, festival, camping, art","Artemas, PA",1,,,39.74828384,-78.43967594,
5,EDC Las Vegas,2026-01-15,2026-05-15,"3 day festival in vegas featuring stunning art, music, and visuals where you can dance with your friends to some of the biggest names in electronic music.",INSOMNIAC@THEPINEAPPLEAGENCY.COM,"music, festival, rave",Las Vegas Motor Speedway,1,,,36.27241832,-11.50108446,
6,Grid Life Festival Midwest,2026-03-15,2026-06-12,"Become a GRIDLIFE Vendor! Whether you sell used parts, custom stickers, sick shift knobs, or really anything else, thereâs a place for you at GRIDLIFE events.",https://www.grid.life/midwest-festival,"cars, family, camping, music","South Haven, MI",1,,,42.40651679,-86.14170784,
7,Lost Lands,2026-03-15,2026-09-18,"Presented by top electronic bass artist Excision, Lost Lands brings the 'the top bass music from the past 65 million years' to Legend Valley, Ohio. With 1,000,000+ watts of bass, attendees are sure to feel the beat of a variety of electronic acts spanning decades.",https://www.lostlandsfestival.com/connect/,"dinosaurs, rave, festival, camping","Thornville, OH",1,,,39.93901198,-82.40804873,
8,Underground Art Market,2026-11-15,2026-12-07,"Pop- Up Market featuring recycled art, wellness products, vintage and more.",https://www.undergroundartmarket.com/,"art, craft, market","Avondale, IL",1,,,41.90468932,-87.6097515,
10,Christkindl Market,2026-11-30,2026-12-15,Thank you for your interest in participating as a vendor at the Christkindlmarket,https://www.christkindlmarket.com/become-a-vendor/#Vendor-Application,"christmas, craft, market","Chicago, IL",1,,,41.90213407,-87.60975154,
11,Taste of Chicago,2026-11-22,2026-07-15,"Taste of Chicago Grant Park: Friday-Sunday, September 6-8, 2024",https://www.chicago.gov/city/en/depts/dca/supp_info/dcase_opportunities.html.html,"food, market, community","Chicago, IL",1,,,41.90213407,-87.61112483,
12,Movement Detroit,2026-01-20,2026-05-23,"Hart Plaza has become, almost unintentionally, a tribute to the strength of people - memorials in the plaza include âGateway to Freedomâ, recognizing Detroitâs role in helping emancipated slaves into Canada, and âTranscendingâ, a giant arch celebrating American Labor. What this is all means for Movement is a palpable energy in the air.",https://movementfestival.com/pages/contact,"music, festival, art, camping, food","Hart Plaza, Detroit, MI",1,,,42.42373174,-83.0534478,
13,Sonic Bloom Colorado,2026-01-01,2026-06-01,"Festival at Hummingbird Ranch, Colorado",https://sonicbloomfestival.com/contact/,"music, festival, meditation, camping","Hummingbird Ranch, 732 Co Rd 653, Rye, CO 81069",1,,,,-88.91217427,
14,Sound Haven,2026-03-01,2026-07-30,Experience a legendary weekend of bass music on multiple high-end sound systems,https://soundhavenfestival.com/apply,"music, festival, art, camping, food","Jaceland, TN",1,,,,-88.20160812,
15,Ulta Music Festival,2026-03-01,2026-03-27,Music festival in Florida,https://help.ultramusicfestival.com/portal/en/newticket?departmentId=487661000000132660&layoutId=487661000000137935,"music, festival, camping, art","Bayfront Park, Miami, FL",1,,,43.10009418,-75.2335966,
16,Dancefestopia,2026-02-01,2026-09-04,Music festival in Kansas,https://www.dancefestopia.com/contact,"music, festival, art, camping, food","Wildwood Outdoor Education Center
7095 W 399th Street, Lacygne, KS 66040",1,,,41.50904812,-90.56203669,
17,Infrasound,2026-01-01,2026-05-14,Apply to join the community today!,https://www.infrasoundfestival.com/participate,"music, festival, camping, art","Harmony Park Music Garden, Clarks Grove, MN",1,,,42.31108608,-88.02052075,
18,Bonnaroo,2026-01-01,2026-06-11,"Bonnaroo Music & Arts Festival will be presented in Manchester, TN on June 11-14, 2026. 4 Days of Adventure",https://support.bonnaroo.com/hc/en-us/articles/4410709513364-How-do-I-contact-the-Festival?_gl=1%2A79q4fh%2A_ga%2AMTc4ODgzNzIyNi4xNzY5MzYxODIx%2A_ga_L6EY6FCW89%2AczE3NjkzNjE4MjEkbzEkZzEkdDE3NjkzNjE4MzgkajQzJGwwJGgw,"music, festival, camping, art","1560 New Bushy Branch Rd, Manchester, TN, 37355",1,,,41.81549848,-88.29392902,
19,Lollapolooza,2026-02-15,2026-07-30,4 Days of the world's best music under the iconic Chicago skyline.,https://support.lollapalooza.com/hc/en-us/articles/14333152040340-Can-I-work-the-festival,"music, festival","Grant Park, Chicago",1,,,41.88860925,-87.63546053,
20,Dreamstate,2026-02-01,2026-02-25,"Here, ethereal melodies dissolve the boundaries of reality, guiding you into a realm of light, feeling, and flow. Let the music awaken the dreamer within you.",https://sf.dreamstateusa.com/contact-us/,"music, festival","Bill Graham Civic Auditorium, 99 Grove St. Sand Fransisco, CA 94102",1,,,39.28148213,-89.88147049,
21,Coachella,2026-01-01,2026-04-17,One of the largest music festivals in America,https://www.coachella.com/contact,"music, festival","Empire Polo Club, Indio, CA",1,,,38.93619857,-90.15932362,
22,Deep Tropics,2026-01-01,2026-09-04,"A celebration of music, connection, discovery, and sustainability",https://www.deeptropics.org/#connect1,"music, festival","Nashville, TN",1,,,42.06084335,-88.04083756,
23,Comic Con,2026-01-01,2026-03-27,Exhibit Space a Comic Con,exhibits@comic-con.org,"comic, art, anime, cosplay","Sand Deigo, CA",1,,,41.53869278,-88.20710557,
24,C2E2,2026-01-01,2026-03-27,Exhibit Space at C2E2,https://www.c2e2.com/en-us/exhibitors-and-artists.html,"comic, cosplay, art, anime","McCormick Place, Chicago, IL",1,,,41.0645668,-87.8725015,
25,Forbidden Kingdom,2026-01-01,2026-04-25,"ARMOR UP AND PREPARE TO UNLEASH YOUR SPIRIT IN A LAND WHERE BASS AND MAGIC COLLIDE! 2 DAYS OF MAGIC AND MAYHEM! 100+ ARTISTS & PERFORMERS FROM FARAWAY LANDS! 4 STAGES OF FIRE, FURY, AND BASS!",https://www.forbiddenkingdomfestival.com/guide/faq,"music, festival","Central Florida Fairground, FL",1,,,41.83960398,-88.06865224,
26,Resonate,2026-01-01,2026-04-16,"Resonate Suwannee Music Festival, a 3-day music and artist festival, returns to Spirit of Suwannee Music Park (SOSMP) in Live Oak, FL April 16-18, 2026.",https://resonatesuwannee.com/apply/,"music, festival, camping, art","Live Oak, FL",1,,,,,
27,Suwanee Hullaween,2026-01-01,2026-10-29,"Halloween's jammiest music festival, Suwannee Hulaween, takes place annually at the Spirit of the Suwannee Music Park. Hosted by The String Cheese Incident (who play two sets every evening), the jam band filled lineup features multiple stages filled with fans dressed up for the event. - Copy",https://hulaween.com/applications/,"music, festival, art, camping, food","Live Oak, FL",1,,,,,
28,Playthink,2026-01-01,2026-06-17,Be a part of the magic,https://www.playthinkfestival.com/get-involved/,"flow fest, music, camping","Edmonton, KY",1,,,,,